model,rmse,r2
lro,0.31278632690289615,0.6516571669314738
