,gender,age,salary,family_members,distance
1980,1,41.0,49600.0,0,1.0
1204,0,42.0,49600.0,0,1.7320508075688772
3882,1,44.0,49600.0,2,3.1622776601683795
3307,0,38.0,49600.0,0,3.3166247903554
