model,rmse,r2
lr_esc,0.3127863272122224,0.6516571660583484
lr,0.31278632721222244,0.6516571660583483
